,θ_wind (deg),U_hub (m/s),θ_wave_new (deg),Hs (m),Tp (s)
67200,228.2602745731116,8.943409924141552,88.41786193847699,0.723963677883,3.748431921005
95112,33.6213884098333,5.89040754947335,32.568717956543,2.701335191727,13.660105705261
242272,344.5110952958949,6.873666268770317,25.729042053223,0.82157689333,5.760110855103
231412,352.05945878293005,5.419941970452799,351.55712890625,1.385413527489,9.730457305908
247186,211.0043052268817,11.883676335966488,39.885665893555,3.117824792862,13.241850852966
146592,242.80182982411372,9.870486406206492,73.259857177734,1.018617272377,5.730415344238
30914,98.94642701527911,4.629064804149794,344.103897094727,1.081066012383,8.242139816284
90995,198.14912128695912,7.409629330211143,33.023056030273,1.505515813828,10.690654754639
105302,5.85762130951689,19.53677851490797,358.250907897949,6.971942424774,14.192015647888
168257,276.9425064475606,8.461147140428837,44.919174194336,2.162724971771,10.971746444702
226594,242.73059236452423,7.466835652200655,42.30294799804699,1.725664973259,11.529454231262
257236,115.5662769970097,5.475241112258384,354.632110595703,1.187745571136,8.732977867126
122910,304.7560876939209,5.880818158372563,4.244705200195,2.591929674149,10.364574432373
149155,52.921953722259744,19.63579015280808,321.86315155029297,4.994920730591,11.2223777771
94650,16.115522668884584,6.451798050591906,11.084609985352005,2.270434617996,12.436664581299
38400,28.15985321048583,7.82742639511474,3.2576675415040057,1.431518793106,7.611496448517
170556,321.80639382915365,6.699265489380129,25.76711273193401,1.133825421333,8.730639457703
232889,45.8657236397324,8.994800485473489,326.47095489502,1.664821982384,8.182280540466
51835,102.67470713185745,11.457488579083698,354.045066833496,3.11151266098,12.714345932007
110353,285.57528227328385,3.383238832792155,10.307083129882995,1.268334627151,10.282660484314
176003,259.2651078734192,9.04748337385945,32.704559326172,2.553005695343,12.349703788757
235363,27.02069357462378,12.340397760438664,352.401649475098,4.310970306396,12.604413032532
244759,30.196716459709545,24.73094945617197,334.082359313965,7.276520252228,11.88433265686
189086,48.56378212376353,8.734526497885447,340.59220886230503,1.094624638557,8.222099304199
174996,31.294623674207543,8.195416722938056,355.806747436523,2.766902685165,13.764494895935
196809,89.75886082876613,13.065080860774032,333.107437133789,1.892541050911,10.210364341736
44408,52.434818385164746,0.8226519181023351,21.998504638672003,4.367968082428,14.267528533936
242738,139.29789299026874,2.040788896048063,314.70452499389603,0.498158454895,7.974873065948
262672,352.43335253797414,9.073235023764788,30.330619812012003,3.568761348724,14.883592605591
11030,199.8371171113973,8.889171872398222,164.702743530273,1.190794706345,5.930223941803
3086,185.19487825500408,8.006950394354238,2.6265869140620026,0.820152759552,8.351603507996
134987,343.08116830990764,7.55713752561804,333.37507629394497,2.181523323059,9.01948928833
242672,228.22927076640096,11.982208635042984,105.989898681641,1.367120146751,5.779231071472
235702,171.19763062255248,16.027442739413555,197.517456054688,2.695848464966,7.222302436829
161559,79.79685364521035,13.960142773750242,272.122260332108,2.251452207565,6.72789144516
1988,304.0080774143732,16.051681463543282,298.194713592529,2.456026315689,6.750473022461
158965,9.334553782398723,14.475352487966813,8.944160461425994,6.724465370178,14.873472213745
190800,307.2150603167016,3.805178062803116,33.29443359375,2.026058197021,11.621318817139
41039,239.8231195338697,4.764465040823027,13.145538330077995,1.537322998047,10.318943023682
277805,25.6379803710079,6.100497574892072,17.753715515137003,1.498861551285,9.091814994812
174712,114.6693908341644,0.9267054547841784,20.596733093262003,1.418389081955,11.569641113281
50358,7.114432101186161,4.565352776873718,17.390396118164006,2.950374603271,13.1832447052
232573,192.128802500132,6.699750837721363,158.973678588867,0.860423564911,4.860989093781
122168,291.8941069116228,16.898294582372433,35.823692321777,5.67310667038,13.688645362854
95483,206.28291033807704,11.917516929587048,310.080993652344,1.83230817318,10.283194541931
151457,116.17591663954435,5.275633299795479,11.556671142577995,1.545850038528,10.277228355408
244568,4.617576307502763,19.881837949683323,331.518810272217,5.888751029968,11.565390586853
239227,334.7563068604849,4.592896405691151,21.053375244140994,1.386548280716,9.893943786621
191516,16.5318501400114,21.996973570408905,341.484497070312,4.75695514679,9.297737121582
27210,6.427296170539433,8.144119687077952,24.421768188477003,3.660907268524,14.619602203369
85975,160.49450010347158,9.650362200435389,332.25431060791,2.843414306641,12.2587890625
130514,188.4068505338408,7.492748512124388,27.480621337890994,2.405898094177,12.845769882202
173275,274.16346379902984,14.289137993491236,67.321792602539,1.605508565903,5.218796730042
225924,55.3129524252247,1.4528342561635492,203.92123413085895,1.639934301376,6.702502727509
8193,67.93256884649881,7.957993347999108,358.102066040039,2.28805398941,10.615902900696
176860,301.1683639965262,9.047911484931108,43.48881530761699,2.445974826813,10.250584602356
256299,15.4761261596612,15.392681437329026,4.6883239746090055,3.387716770172,12.191947937012
74961,275.9553454697547,6.595590493053916,50.97129821777301,0.972191095352,6.926518917084
105462,0.5477938798517978,14.250882177441644,6.321044921875,3.357112169266,12.618231773376
40637,12.94671123589866,8.26061413635873,352.158020019531,1.308309555054,7.317014694214
220334,216.99054506207327,19.6159563061282,144.17610168457,3.024563550949,7.340337276459
97401,25.02060233703068,18.017964828173067,346.133415222168,3.874546051025,9.702382087708
129386,62.6520600642005,21.529480702397727,348.743461608887,5.689021110535,13.684417724609
190483,18.055480136871672,9.15788219801068,330.806858062744,1.460499048233,9.171148300171
16593,68.65455501369873,14.47247461938336,346.697937011719,3.684225797653,12.879309654236
171647,283.8095982174178,7.2877584175090036,40.128890991210994,1.423426747322,8.985303878784
40325,208.5139124280421,14.47196751644072,153.03694152832,1.819079041481,5.7969622612
269014,273.9274811937794,9.54051872508558,13.843048095702995,1.363434553146,10.455334663391
76547,193.57165754758176,12.097890362013237,91.595672607422,2.08260679245,9.920746803284
233582,36.95119564051611,14.70294717094841,3.1274871826170028,2.167382717133,8.145275115967
244344,76.58248318515442,17.690789280621182,327.542911529541,4.483443260193,12.604801177979
10759,59.04977293449575,11.5667929385868,329.178035736084,2.505074262619,8.994248390198
162713,0.6102424245407714,11.400967860218277,354.793655395508,1.232497692108,4.810607433319
133219,324.89950908961384,14.838518253012406,31.000862121582003,4.694770336151,14.061317443848
175893,43.31900165590537,14.083976993743107,336.543251037598,2.510840177536,7.938059329987
155207,234.39010386594595,7.513396901260823,1.948272705077997,0.61318552494,8.635433197021
15488,352.1941849690812,19.505904174419697,17.711975097655994,4.917394161224,11.125650405884
107272,210.32982964117303,6.6097528370216025,38.79722595214801,2.55516910553,14.820478439331
267604,357.36310412326947,10.799547732084475,352.435363769531,2.095527172089,8.331746101379
266776,2.439004638110479,11.28613450618706,18.403938293457003,2.199493169785,7.643381595612
107725,208.03562491807125,12.737395840323956,151.894760131836,1.931208133698,6.526580810547
183532,355.270918202677,14.757261286395073,23.999954223633,5.730996131897,15.355954170227
152228,216.825753500256,4.857701014251343,12.33080291748,0.975317239761,12.167666435242
198057,52.48601058084944,14.529926849687907,353.232696533203,1.743886232376,6.946000099182
128246,222.9832241145089,3.934703904004997,126.878555297852,0.679934859276,6.402478694916
38852,330.1839132961511,9.190164041134237,23.319564819335994,1.105601906776,11.825722694397
224432,80.64730243475553,7.707856362004881,330.390411376953,0.735731422901,7.964419364929
7579,14.9386091669475,17.64777339051233,4.626304626465,2.284116268158,9.431041717529
280349,223.3009047012373,9.06845808886257,92.277618408203,1.191781044006,7.779971599579
201387,322.5537388661155,8.415901689951067,42.36308288574199,0.817824304104,5.083056926727
204511,337.75926952488413,9.06958679031747,5.748397827147997,4.093193054199,12.25355052948
69694,23.670784167182884,7.3529957178156895,8.840461730957003,4.761775016785,15.645705223083
174566,244.1085394829004,13.035385368697993,48.408996582030994,3.774371623993,14.787510871887
184336,103.05279463362672,6.820152080767479,19.649620056152003,3.412764787674,15.311942100525
117671,18.597511541704232,6.432096862336745,27.454833984375,1.475044488907,10.061491966248
84797,32.375004510231776,21.556548377308044,338.55908203125,4.290036678314,8.903930664062
131811,20.225552619543468,11.997619686981135,7.551895141602003,4.488838195801,14.182678222656
175596,40.80713891101194,19.70346313759322,358.72119140625,3.537832021713,13.025361061096
21706,209.30719205871804,7.422308684898502,149.223114013672,0.733789920807,4.42431640625
50696,159.36536296880496,6.612502417474319,12.679222106934006,1.197583436966,10.540985107422
36357,64.70439076007503,8.732515320293128,319.397201538086,1.395901560783,9.363754272461
255773,280.0466980726381,5.979764729164999,37.820213317870994,1.551195859909,11.311049461365
212530,196.3137177012873,11.02772732559749,73.196624755859,2.536667585373,13.739363670349
221414,12.706622931133074,8.878659264355454,358.641357421875,2.520553588867,9.627958297729
197428,2.3822916339830105,11.593133868820065,349.305656433105,1.315104961395,5.275164604187
124748,247.8069329082366,5.688767996712019,37.947471618652,1.975895166397,12.278263092041
223273,24.98072678701691,7.9958987448616226,25.184211730957003,0.95417958498,5.919491767883
5080,150.6269061605141,1.301980966539361,356.690689086914,1.68483376503,7.618161678314
253074,264.39091808650363,11.307075487819716,54.07893371582,2.335165262222,12.279498100281
227489,151.7629187846472,6.967623935762731,328.301727294922,1.844787359238,12.448232650757
221670,113.14847522778904,5.185389923836489,31.625328063965,1.538504838943,14.028824806213
6637,22.58468422005746,13.513682150828972,27.440979003905998,1.93985581398,10.649936676025
20413,277.98132609295465,6.766623066618561,32.77628326416,1.104224085808,12.231987953186
267855,45.11715992131843,8.502213947674273,356.428016662598,1.743545651436,9.01530456543
192373,53.90008576946302,18.989994993058776,344.83462524414097,5.43575334549,14.265476226807
126488,227.7430203245886,7.675293152992619,42.614349365234006,2.005927085876,11.441879272461
146259,335.5490018438276,17.41125537428792,10.116470336914006,4.371401786804,10.806753158569
232977,332.9523973979106,7.170678941604728,14.079711914062004,0.851293623447,5.541356563568
163196,4.990740525796688,1.0973694321628105,6.315986633300994,1.309005856514,10.381596565247
278091,29.45372270610917,6.0788204983712735,7.59383392334,1.867807388306,12.73048210144
78006,254.39029653408068,19.20867877041908,95.46598815918,3.357978343964,7.548136234283
81744,84.5327792923408,13.445905362201062,339.802551269531,1.587059378624,10.822648048401
173054,324.2496372475592,6.976378194780765,14.047660827637005,1.156506419182,6.759408473969
147563,177.45513875960577,11.199028871132128,193.656219482422,1.533078789711,6.005052089691
196645,24.391896611725105,7.642054759548914,4.92463684082,1.367295622826,7.239224433899
118000,254.77713325678872,10.77320488285173,101.064529418945,1.274632692337,5.800268173218
105679,205.0757761148693,5.706019363693777,8.541358947754006,2.912567138672,14.150727272034
7753,240.12948762050644,12.384881078762923,32.05265045166,3.045137882233,13.389563560486
77768,39.14189004365698,15.952721738418898,359.214263916016,3.226002693176,11.628192901611
40502,322.4539099570192,1.701844720108195,22.428283691405998,0.757260143757,9.646054267883
215497,254.7736437930527,7.035293204457391,25.454010009765994,1.293422698975,10.130974769592
107328,217.91239570229453,12.103031475238954,124.247634887695,1.453936576843,5.214205741882
153815,262.1142288156217,7.715890374710858,55.16835021972699,0.752729535103,11.76342010498
2453,178.1959663388124,7.775893575490601,328.082424163818,2.010952711105,9.357088088989
74823,64.79553431183842,14.516307525613405,309.085227966309,1.554954409599,5.011543750763
137493,29.461956200282884,18.894998131999458,357.290222167969,3.461543083191,10.161269187927
61969,15.025083675936362,6.338655191505392,25.05844879150401,2.395564317703,12.934649467468
197725,241.3493047240753,1.956854900452188,9.460968017577995,1.132006764412,9.097564697266
169257,40.1279240012686,18.40895566377723,341.22859191894497,3.666269540787,9.338436126709
129703,222.3725935058617,15.536576436840598,146.510269165039,2.005492925644,6.331837177277
257513,346.69506541926575,3.456802780660092,3.648330688477003,0.883840084076,10.960511207581
91388,281.2918458434919,11.07428410641453,63.034927368164006,1.126362204552,5.18385887146
75783,308.4180424259176,12.359470121190352,43.38993835449199,1.509058356285,6.173021793365
155234,166.50312016084487,12.39381833907784,197.03271484375,0.935046374798,4.613489151001
221930,215.08594000501404,7.271635155591944,7.913436889647997,1.571295261383,11.386849403381
98620,97.4949428080119,1.8580294040630096,278.821108818054,1.106841802597,10.536227226257
209629,16.30559868085278,7.619304909826897,19.72615814209,3.030129909515,12.960072517395
14974,105.26438397975326,9.675479287469694,310.246150970459,1.153336524963,7.581888198853
143003,332.7887718793902,15.66795404094878,41.84049987793,1.992633223534,6.410907268524
129231,21.518795886395345,5.703760724596316,31.673233032227003,0.763960242271,8.266091346741
254541,42.94684236476292,16.63013781434402,357.53148651123,4.083684921265,13.014016151428
273513,155.229342349885,8.09713662437217,48.29994201660199,0.752479672432,8.738454818726
149763,180.8845811099199,9.217104553110849,159.981079101562,1.232201457024,6.63775062561
255502,154.61045920843617,10.975338178200838,25.70891571044901,3.491082191467,14.73314666748
75649,53.43616820323327,4.263825977756237,2.694007873535,1.23461151123,9.995698928833
157403,153.44887854347525,6.522448665765238,346.44001770019497,0.936150968075,12.927349090576
141501,327.06428632209224,8.798206088396508,23.974014282227003,4.312078475952,13.609839439392
192790,276.0957438001799,7.36527901753179,11.996337890625,2.356387138367,13.228624343872
225615,298.6827118254673,6.940611616245938,9.984046936035,1.603609919548,17.439659118652
109637,208.01858990123213,9.232440727644068,46.426834106445,0.900044858456,10.754446029663
28731,211.11255449906443,7.422220110322599,33.84521484375,1.427868723869,14.403242111206
165473,55.1697161714016,11.289613353968964,340.82408905029297,3.480911970139,12.15619468689
222173,322.2231063296611,13.064489555775012,33.902603149414006,3.840715885162,12.093886375427
99304,182.12674737826737,9.529566623810473,148.732772827148,1.403581380844,8.45555973053
162595,307.07742385919084,4.6057838672671565,12.515586853027004,1.115223765373,10.937808990479
268890,14.587427996567904,10.877662879448,11.134323120117005,2.273756027222,9.34449672699
30527,48.6259359957381,14.358955007092266,337.153762817383,3.267287731171,10.795330047607
258656,118.95404045821856,16.005081932101145,307.138736724854,2.259860277176,8.972770690918
166316,128.18312670053302,14.389560935094242,348.752227783203,2.067338705063,10.365340232849
40752,238.6125027425537,11.044132940430073,70.822418212891,1.504962682724,8.291966438293
195479,262.2651513212927,9.210658065237055,52.735855102539006,1.250356078148,8.332174301147
250583,279.2870887120729,6.981934011213668,40.305084228516,0.769316494465,5.243664264679
55392,263.9064629185193,6.263998991697353,74.85877990722699,0.695895850658,9.992043495178
224232,246.8680694350325,5.376848674208728,30.670524597168,1.364950895309,9.68816947937
184488,217.08863676210947,8.944841953201221,141.736083984375,1.165093779564,9.898729324341
30462,22.781791993129048,15.722514208612582,345.170036315918,3.157059431076,8.79754447937
201854,53.832860405172674,9.929441998022003,2.377288818359005,1.904357910156,11.853742599487
92459,171.0301848566901,12.499617476664978,180.221710205078,1.596301794052,5.584851741791
13193,52.18344550549762,5.028517394758942,22.353866577148,0.65796738863,10.156970977783
131626,355.62653216977986,12.29213931742276,359.74161529541,5.325086593628,13.69757938385
114935,55.12353418476503,19.14197674888081,3.819046020507997,4.680131912231,15.13417339325
28638,358.3941933302874,14.924043123426571,356.271850585938,3.370946884155,9.987989425659
95015,339.91119415952977,6.262586693852181,8.569389343262003,4.850546360016,14.30795955658
223583,57.45708494190575,3.409779921337853,29.566848754883,1.771737456322,10.062783241272
109846,4.272146037991499,10.835893324640503,8.328140258789006,1.728515982628,9.625765800476
221187,203.3506160479916,15.797994693241211,146.533081054688,2.275919437408,6.342652797699
43381,77.29319149821609,12.098439213967962,34.274360656738,2.454088449478,12.988123893738
72077,38.15868760084943,13.984298555460876,355.733673095703,2.348578691483,8.659657478333
40441,246.5055652689692,7.421615985156039,50.80212402343801,1.172000169754,10.136116027832
271127,67.21643370296798,20.792431840495603,328.418563842773,4.555697917938,10.588948249817
213204,56.08745190620608,13.6339425371012,325.36634063720703,3.229490995407,10.513983726501
9252,14.32152371323502,26.179569051218085,355.453002929688,8.654766082764,14.067080497742
117499,54.279325576329526,3.042986879185165,345.549133300781,1.403353333473,10.790348052979
40940,2.401513354647882,19.708600630732327,1.78303527832,8.632576942444,16.91609954834
245753,10.395347792353286,14.162060668134286,16.930946350097997,3.908933162689,15.104454040527
13981,347.7225979377761,8.926864479264832,3.1295166015620026,1.534142494202,8.566729545593
74795,337.93609915401146,6.441476172636079,21.168762207030998,0.960734307766,9.217985153198
34454,15.013249006721477,9.611183779447687,347.770469665527,2.875165224075,10.05951499939
170971,275.3774112593651,9.038199859908511,76.15449523925801,0.860253214836,5.561971187592
9435,108.1840093093234,6.71425342633122,356.94312286377,2.162034511566,14.002949714661
131938,306.65697774586505,7.890185566269568,13.457916259765994,2.81006860733,12.148175239563
176587,306.7728483910453,12.054373630471552,42.13278198242199,4.078136444092,11.730007171631
163296,283.5172661544036,2.5221176709169053,0.0067520141599999,1.224781513214,9.077502250671
62236,222.63607628943305,5.496652803174321,29.620811462402003,1.106562376022,11.237005233765
235919,25.6572258154531,9.81939225699309,41.477783203125,1.317013025284,7.994478702545
226036,347.1547924971153,17.171883074366658,24.797554016113,5.056046962738,12.189512252808
130913,1.6976047219587405,12.81830224023279,12.726127624512005,3.462994813919,10.803873062134
204317,214.6466307974732,6.038040024262265,4.681930541992003,2.294246912003,12.632835388184
94233,200.5231555883189,14.612012642514337,166.06698608398398,1.783963084221,5.718323707581
49256,273.0850558017149,6.166374214228138,37.64820098877,1.731024622917,13.920704841614
254904,4.822250744637173,5.3032928085239375,13.689933776855,1.737850308418,12.959622383118
19102,47.31192217675535,14.00698235716883,325.966773986816,2.438159942627,7.973748207092
247411,272.1122419332331,11.443084304050974,45.45895385742199,1.946143984795,10.144298553467
247524,188.6693725367691,5.35770102822314,27.128898620605,1.763139128685,12.167866706848
127364,338.5791942442989,4.105581873686904,30.193771362305,1.106630682945,8.063258171082
188374,356.3019603365545,5.398583705120032,191.729217529297,0.64333987236,5.195444107056
25690,291.58950861368123,13.494795900248388,42.70863342285199,1.607544660568,6.523810386658
107124,243.9964745141068,17.26897077511474,69.450256347656,3.258279561996,7.420771598816
183924,359.9610245031873,22.859033550405336,359.843032836914,7.736876487732,13.788550376892
60456,204.7618509404664,7.718784257702658,54.54284667968801,0.960635840893,10.06272315979
67758,252.3512924201848,8.588814764255192,76.01127624511699,1.046230792999,7.503175258636
184118,58.45083192197692,3.881102645463003,18.81887054443401,3.361052513123,14.950805664062
53956,135.72791408724223,4.874501356025164,1.9824829101559944,1.803396105766,11.767024993896
271373,155.46545620443172,9.35758337904031,3.1483459472659945,1.692765712738,14.347992897034
3430,336.2379336232919,8.80394050364871,354.003067016602,2.131269931793,8.914880752563
154935,279.9829534051649,4.303236316532527,111.921401977539,0.727227509022,8.878282546997
209393,97.22345113362098,18.46257601094683,353.866424560547,3.825760126114,15.134790420532
32874,81.4562521409316,9.078733510709906,351.417999267578,2.771605491638,12.281607627869
32910,13.471636394064213,4.245756891561411,16.668594360352003,3.485125541687,14.966544151306
196101,53.85096841562549,17.99450987227023,318.058883666992,2.751621484756,7.565739154816
15223,255.69591796831315,2.874936528373829,27.850166320800994,1.66979598999,12.905690193176
125975,73.06862091421547,9.732616721815209,16.117576599120994,1.294432163239,7.325353622437
146289,59.63179475869029,7.731372076067239,3.345054626465,1.694583773613,8.169328689575
262792,188.16139026648733,10.146402922340716,41.601318359375,2.328588724136,13.674789428711
118895,284.2552839237252,5.553806031096089,19.594886779785,1.02594268322,8.034941673279
280463,159.6367326484907,9.14259537329554,345.974563598633,2.508956670761,12.732148170471
72197,351.0027001169432,19.56589811457974,4.160484313965,5.575897216797,12.333446502686
252710,276.6147689833941,7.913621121720931,34.105560302734006,2.465405464172,12.288949966431
28768,212.10617644760345,10.812036333629797,114.092224121094,2.040262937546,13.042220115662
8368,158.67052510405935,7.991067465717002,16.408706665039006,10.904608726501,16.27954864502
104171,357.78608336383445,13.800868601067512,22.277320861815998,2.919927358627,12.846006393433
52450,50.77970695672114,10.39687369903379,25.746940612793,3.793416976929,14.499727249146
32177,293.3717570591396,7.00392263101697,34.247421264648,1.401600956917,9.648057937622
155504,7.113130883811578,12.571343337900034,6.187187194824006,2.462048768997,9.393569946289
28938,295.4524025067542,6.437942531334835,48.93070983886699,0.763993263245,10.094915390015
235136,69.91624240894599,15.322384558512594,317.863628387451,3.362940788269,10.633093833923
57195,238.3154818048324,7.685283439338855,58.532638549805,0.773500025272,7.801383972168
186135,329.73094457909247,15.509575918398957,33.10962677002,3.618333339691,13.714428901672
96376,156.52437223260569,12.49622249310256,335.981185913086,3.092879295349,14.238485336304
277850,272.19738999796425,11.69553807313372,47.49264526367199,1.592019081116,6.570896625519
15658,10.778642289686012,7.297815595951427,12.550407409667995,2.562211751938,11.419520378113
258355,71.7476009733811,8.470230759628487,319.403770446777,1.002596497536,7.043308734894
98656,328.35016357299304,7.896531611113243,43.61735534668,2.475639343262,10.764094352722
61464,38.6891419717285,17.25307953412942,346.518623352051,3.38232254982,8.212682723999
175121,332.6834276327108,10.632756239995722,18.407127380370994,3.858400344849,14.902751922607
162990,77.70242983062923,6.3446302007289,19.865921020508,1.230845451355,8.960892677307
13539,18.55930691451209,8.115414748763698,7.757102966309006,1.078028440475,9.606872558594
81422,49.09571977818872,8.856508430520083,339.289566040039,1.354854226112,9.149300575256
208535,47.506757007653775,5.916913165236423,343.467300415039,2.511182785034,9.974888801575
43842,11.48042204607688,11.021496430471798,31.83725738525401,3.78454875946,14.872352600098
216028,183.69471291415616,9.460167167853632,133.770233154297,1.251480937004,5.002202510834
256409,324.76864491505967,6.752895314553532,14.617393493652004,2.571175813675,11.619734764099
126662,313.17361774805306,9.471765213741724,45.605484008789006,1.620001673698,7.751953601837
157675,172.8717037788985,12.743407128336877,161.760467529297,2.005421876907,8.853063583374
191904,29.9629153623227,17.536070866572018,354.483352661133,4.390370845795,10.906688690186
273137,176.41200319402463,15.552705578923687,317.600666046143,2.865549325943,10.56077671051
253984,169.85590016234437,7.365265973297425,350.352020263672,1.46311044693,13.043020248413
201597,200.94340266150604,8.66922077217586,2.621879577637003,1.574829697609,9.672588348389
279348,30.0006321757103,11.669719776730703,336.554702758789,4.987576961517,11.551887512207
178195,152.6664062681018,5.252185870912895,337.078384399414,1.051134228706,11.513969421387
169715,162.73711925381474,8.397861672783574,234.038818359375,0.838958799839,4.310240268707
186949,144.62313713631536,12.877381433287466,240.399444580078,1.827738165855,5.661377429962
203919,174.05180336691373,10.493051971549038,5.8785705566409945,3.149733304977,13.849050521851
266912,184.42696445169656,4.184355747099086,356.295516967773,1.300977706909,9.983744621277
231912,36.474565428164354,7.123723579408127,343.951240539551,1.556566953659,8.074682235718
278044,87.24960363699918,1.6965483898876192,0.1997756958009944,1.188429832458,16.001331329346
107551,154.44118912565955,7.01416605113003,20.58708953857401,2.115257740021,11.354327201843
258665,72.35250725027817,13.405778815037255,311.301387786865,2.405101299286,8.627873420715
52423,320.7353580466758,20.37537319023471,22.061744689940998,4.893703460693,10.980660438538
94667,35.67544372775655,11.66146024184654,0.6358947753909945,2.267165184021,12.049174308777
180611,22.269749502656776,10.426359661261346,320.985557556152,2.355252504349,9.304169654846
115302,16.264536956692066,6.95947991686465,22.987197875977003,2.505286931992,12.676604270935
105961,192.2517077576841,14.862727798083029,354.380905151367,3.56832242012,13.102828025818
4984,259.04254398531737,7.259266212753681,2.2420959472659945,0.504032611847,8.053079605103
28068,51.00619179613333,15.773996018412918,17.486328125,4.032294750214,14.236504554749
274375,227.7169187573309,7.736277290146674,75.928802490234,0.933825612068,6.155119895935
108337,310.62622288426417,8.364977124771904,38.68525695800801,1.247029185295,10.219528198242
174345,146.9447008565375,12.023279633616296,334.727813720703,2.26454782486,13.117372512817
146522,240.4952163872773,6.482973227223733,52.05302429199199,1.172293663025,7.800522327423
6161,202.9550854662414,6.143929541997773,54.85934448242199,1.479252338409,9.852391242981
175887,44.998249946290976,15.109008752142046,331.655834197998,2.582268238068,7.639609336853
132327,350.3760912554283,9.068616082255566,20.269805908203,6.47783946991,16.268047332764
81533,26.497001856709613,9.677703792319242,345.356178283691,2.051768541336,10.787605285645
215794,11.88748688768914,9.116884540381632,348.014747619629,1.055165886879,5.480068683624
1515,276.0458015996697,5.840709956558086,25.789878845215,4.541588306427,16.40668296814
117778,104.42407596911286,5.779763561921087,9.239120483397995,0.769692182541,8.937357902527
66083,192.360315139018,4.20178878949225,17.286560058594006,0.983991205692,9.530846595764
9055,211.4509074613344,16.308024335683275,129.007080078125,2.68564915657,7.105718135834
125840,214.83825566853923,11.461533755280692,129.473327636719,1.263241291046,4.603460788727
23411,218.551956979922,0.792610395497401,5.006660461425994,0.677405297756,9.3785572052
241694,357.7068420565328,3.79415303285129,21.93173217773401,0.795449435711,13.103784561157
81492,71.73164105192528,5.096752869041381,338.831809997559,1.618473768234,10.858109474182
18466,52.11507022946028,5.511053190372384,30.454544067383,2.733221292496,14.318302154541
34239,320.6886512602117,4.93684073836667,29.74130249023401,2.159331321716,11.997982025146
230167,230.884172345276,2.680098927796223,26.722526550293,1.626706123352,12.783380508423
157716,214.3282544416304,15.581578472981668,142.683364868164,2.002291202545,5.877202033997
157069,1.0404817327684026,11.728234476174968,23.04469299316401,2.511872291565,11.638056755066
164358,223.196233729636,3.8126432393316207,25.774719238280998,2.391293048859,12.446002006531
27080,138.68768711048247,11.404374145829598,325.76615524292,1.729147672653,12.736327171326
49508,323.5074251017708,7.402350786037902,13.722946166992005,0.968673169613,7.457473278046
135733,14.248473366854356,5.075118826764804,27.271392822265994,1.288973093033,8.506722450256
235148,106.20481886346332,7.583260672934236,335.297859191895,2.427355527878,11.070959091187
53704,163.50957145161684,3.496736117896494,346.132705688477,2.668014287949,10.453531265259
89860,347.01505070912594,10.428926505023666,10.719047546387005,3.093534708023,14.125072479248
208568,311.06370515455995,15.047698573015396,39.092712402344006,2.30592083931,7.378775119781
264585,310.8937243577234,10.53307170365882,13.605484008789006,2.966042041779,10.98401927948
162044,308.2930536512475,21.81723316606485,52.479156494140994,5.043405056,10.192000389099
69597,308.8046017642977,8.067434679140996,17.98038482666,3.022409915924,11.947639465332
128914,357.43043179699805,13.280369406140832,336.726379394531,2.441477298737,7.440842151642
78853,81.52312849307587,15.009957717907517,341.34899139404297,4.014379024506,13.46649646759
122563,191.6411149009064,13.383351079597698,47.169418334960994,2.870492219925,15.374517440796
182509,162.47683878762183,8.897315498329961,52.93031311035199,1.754469394684,10.803647994995
83075,204.53903628452056,14.386438275228215,145.553909301758,2.403138875961,6.712487220764
123281,31.323769497032288,15.013413222377796,7.101875305175994,3.786145448685,13.652283668518
205335,322.74069281518723,2.8825405580495453,355.692604064941,1.188318729401,7.220592975616
112820,78.1201148239461,0.1622600001012329,26.60580444335901,5.386456012726,15.095575332642
131381,159.5793225972188,13.279514605483229,25.529342651367003,2.700558900833,11.070775985718
96263,39.96304743838888,14.617586955995677,338.009437561035,7.116374015808,15.122222900391
139559,91.39199423229373,10.413133027686111,318.620941162109,2.133967638016,13.689074516296
33715,126.75407965669376,10.04970602434928,307.53279113769497,1.900182366371,10.342778205872
23978,2.768533734717871,15.27328469222119,352.756393432617,3.773330211639,12.102410316467
74638,300.71876673191724,9.549434472351283,36.792335510254006,1.299344658852,8.760032653809
149753,197.91335256171172,12.302419766171846,155.512344360352,1.670232415199,5.984136104584
24664,359.8518180931381,11.820981812605448,9.078926086425994,1.254639983177,4.902006626129
188635,319.00217024890907,10.977297929181027,45.435363769530994,0.918431580067,4.489589214325
177992,7.58540667663827,11.268499538884656,2.361602783202997,3.587886095047,11.781566619873
33368,313.6130367209524,12.088080443745737,35.636322021484006,3.064491510391,12.988466262817
145290,288.7068620112452,3.987527455736333,355.104034423828,1.092687249184,9.101889610291
52318,45.70141848064673,13.264217148819728,17.850425720215,3.613391160965,13.412802696228
170771,7.37663249484225,5.229022749778296,14.785469055175994,1.704629421234,10.407492637634
62351,150.8655110703718,14.26839188138183,225.49774169921895,2.035221815109,6.310344696045
230437,296.0854786153802,7.553109373819512,31.476264953613,2.529546976089,10.946612358093
117108,12.937971787350454,5.335192273148349,22.682136535645,1.842997074127,9.061926841736
140543,220.5170025506903,8.451780197131141,37.733459472656,2.139863014221,11.25697517395
197801,284.1611397415452,2.689899874747897,32.197120666504006,0.939404010773,8.197764396667
105189,352.627484279803,15.858505678896234,12.995506286620994,4.826720237732,15.253448486328
126806,290.58221511364246,4.179066245225981,9.457717895507995,1.27053797245,9.63031578064
56552,252.4018811767345,8.474448415079705,37.797088623047,1.319383502007,9.769688606262
254093,43.95291293605295,10.79021937666269,20.625762939453,2.879985332489,12.791193008423
111624,348.4622893625968,6.736015802857835,25.929183959960994,2.560672044754,12.298553466797
267722,345.1803714328335,15.446583410245127,5.269775390625,2.275496244431,6.986747264862
1469,346.64801422713174,19.777828491243003,24.06463623046901,3.321573019028,13.435413360596
59393,136.4108867590249,5.246414992423375,22.536163330078,1.997673988342,11.167726516724
253329,263.03687905364575,9.893396480330152,42.471923828125,2.442707300186,16.179166793823
122256,345.0703602280701,11.773725936729132,14.697425842285,2.395599603653,13.089676856995
13682,232.41952938037127,4.419081591975848,24.789779663085994,1.414015054703,11.323701858521
10808,125.9604759473978,15.931196315566345,331.620151519775,2.226241588593,9.267780303955
131974,268.2850341575329,9.091584070731727,28.676399230957003,4.287832260132,15.8154296875
246101,206.84948035925697,7.010870869708946,79.389907836914,0.736983954906,9.611152648926
112493,67.32392422734308,15.252138747065604,343.32804107666,4.28332567215,13.200365066528
103398,41.06620063114371,4.6946635373894,335.326232910156,2.088803291321,9.60627746582
77758,16.601104930222228,7.372297572727392,24.878723144530998,2.988322496414,12.455556869507
45036,52.10414840664766,19.44669651799557,1.444175720215,3.651737213135,12.416688919067
267820,60.70183251830051,10.047675407983611,347.050117492676,1.205868244171,8.460822105408
58113,113.64638503575716,5.635659438711006,357.78734588623,1.071776509285,10.054912567139
5241,115.6163605676824,1.1821425277264523,352.458694458008,2.024270057678,7.241774559021
272563,58.5555067919037,11.924791191526811,348.57413482666,1.848503947258,8.077931404114
187712,14.499535016507531,6.033705258639213,357.59107208252,1.976197838783,9.602866172791
17734,140.64900978087417,5.1066660260588295,22.23512268066401,1.41713654995,11.715926170349
255740,256.76071841075634,14.5291542553568,44.17274475097699,4.541472434998,15.155964851379
163800,248.13966875755943,9.099640762242664,51.06840515136699,1.117367863655,8.912801742554
124008,192.07355946768607,8.364978276546898,68.3076171875,1.324442505836,8.360933303833
258912,312.95817968197025,2.964453644094207,19.537818908690998,1.044239878654,8.470184326172
132573,162.79422212332452,8.134444208741767,5.512832641602003,1.965682506561,13.712557792664
274506,353.4380016069894,4.118730662303332,348.060554504395,1.204890966415,10.147146224976
225832,356.88682630316714,9.476736867291846,22.369552612305,2.814567565918,12.309147834778
274945,15.825998123930768,4.383673297706383,38.17094421386699,0.563819110394,8.379319190979
85666,38.04899372365048,21.27580688161058,342.009834289551,4.679460525513,9.990718841553
70923,54.944965965344416,4.683674160927863,352.007225036621,3.969124078751,15.371402740479
112585,316.31348690010066,15.610702143411004,29.417152404785,4.611387729645,13.539381980896
76946,353.4083977748936,14.711578410206132,13.704040527344006,3.106239557266,10.162929534912
95123,315.6776321689244,7.210335133157621,25.529922485352003,2.284833192825,12.183448791504
128145,331.1834408981575,4.889854670341909,25.50765991210901,0.970245182514,7.927352428436
197353,338.0223608335885,9.435736026698809,30.130821228027003,1.081789135933,8.27321434021
58098,354.9749026489436,2.1838267968635785,11.256980895995994,0.869726002216,7.314063072205
15838,58.01154490685634,11.916207829494022,332.054714202881,2.19690155983,11.917283058167
66888,282.11402227430744,15.471446958335944,55.28205871582,2.391355991364,7.287680149078
1630,125.0178615061058,11.899212761039832,23.67327880859401,5.505081653595,14.401720046997
189889,213.5306477719221,11.201641214028951,34.136322021484006,1.207529902458,8.430281639099
98769,218.18668822860403,18.893204477627823,135.992874145508,3.183298826218,7.227602481842
134044,242.55211501208584,14.652749269553532,99.376586914062,1.957196116447,6.155484676361
12742,31.741138517141387,11.176096796442838,315.500511169434,1.546455025673,6.525580883026
208724,20.5905742489235,10.432435904242316,16.98316192627,2.206994056702,9.301198959351
266902,51.349407315711865,3.807095576545248,351.296073913574,1.109648227692,9.407330513
182572,78.6981914296863,11.616625780544508,22.871040344238,2.760593652725,14.254525184631
266893,63.75152759762605,6.4053091211645015,343.644958496094,1.050044775009,9.676337242126
94723,38.23777373227294,14.03798873193201,344.072555541992,6.18817615509,14.039608001709
17110,10.420053796967238,11.5735683390429,350.569435119629,3.550481081009,11.182863235474
28937,298.05483283353504,5.951777179268009,55.093170166016,0.783014118671,10.098427772522
162037,307.59249976067485,20.85930205476603,42.553405761719006,3.59709072113,8.759325027466
8788,211.11221317669816,8.602031203851684,26.037254333495994,2.577078342438,9.001242637634
111856,290.7505206365226,17.102342543486248,44.09510803222699,3.869314908981,9.699214935303
248275,140.61675442932537,3.490182952476672,15.924827575684006,1.532504558563,10.948771476746
245952,19.34701620245093,5.373705851830872,21.38698577880901,3.80494427681,14.18578338623
245193,208.27130555183905,12.246484211639157,158.467926025391,1.507391929626,5.416832923889
106935,21.70169234709429,2.8897518669979525,358.752838134766,1.973582148552,12.31227684021
217333,181.651128072919,10.71247090605749,174.475372314453,1.514302372932,5.927549362183
265387,316.27773483374324,9.505427021562268,16.316619873047003,2.856157302856,12.200786590576
81567,157.88511982433354,10.390053503022884,345.016632080078,1.978404521942,11.054309844971
193982,233.2836989676312,6.717904682350118,20.456130981445,2.000213384628,12.614381790161
33780,16.96030886044395,17.55440497314425,312.911399841309,3.956017017365,10.92542552948
273515,143.6218153740822,7.533308068244261,43.23263549804699,0.75461179018,8.356881141663
74926,338.79880962045803,17.255842536249613,28.908401489258,3.381400346756,8.956523895264
148394,185.6074557746265,6.071896005693464,21.629463195800994,2.000275611877,13.065313339233
88442,329.98388206508724,3.726759619851989,348.823013305664,1.275279998779,13.607950210571
219994,59.23239649224152,11.166771955400074,341.567115783691,3.151895284653,12.653235435486
143118,95.02522891742484,1.8597619374085088,357.456230163574,2.227392911911,14.496255874634
19132,44.272376850409984,18.80732306599096,331.637550354004,4.324210643768,11.197432518005
234207,121.22794532584666,0.6047150176234666,22.689079284668,0.691494166851,9.886523246765
221885,187.8790844450997,9.956869069404258,28.515785217285,1.624237418175,10.338815689087
262123,246.8423934177769,14.757238988805238,76.420501708984,2.662610292435,11.790455818176
272635,275.4680179967644,9.910865951210626,13.493202209472996,3.8258061409,13.849303245544
203037,28.90988721381713,10.43099716612438,21.84986114502,4.444894790649,13.937084197998
198191,258.7199241402675,5.523801300193611,29.52939605712901,0.906080067158,8.243877410889
232742,291.58296113315214,5.771583116350661,37.613739013672,1.557703495026,10.396773338318
143451,191.334374287246,8.14316976569534,65.88414001464801,1.033964633942,7.301302909851
34245,304.4817303302095,8.850832072620348,27.471466064453,1.984124064445,11.830750465393
147282,308.6678903075408,5.593109363647982,23.997711181640994,1.719873547554,12.333793640137
124529,16.826902461934242,4.718554864173669,11.012084960937996,2.766363859177,13.590178489685
204468,356.2933044587404,13.296015898666884,31.642570495605,4.84413433075,14.058035850525
243696,27.53864987490848,14.92626783104958,343.747344970703,3.891851902008,10.765760421753
61598,17.730134213563993,16.472424791707606,356.79914855957,3.993302822113,10.75133895874
32785,53.411475351321805,8.624431514755337,6.848526000977003,3.10486125946,10.795923233032
13100,289.8190696694016,7.392402830568584,28.321014404297003,1.359043955803,8.295126914978
97393,41.57702035473781,14.007737951848044,340.153762817383,3.449934959412,12.823377609253
37875,77.99232263151914,8.392779899170636,323.095726013184,1.0819054842,6.258641719818
164648,289.44388438768624,13.48023189451248,41.044738769530994,2.012343883514,8.924113273621
42387,157.52856567744712,5.201590318822388,25.06056213378901,1.536154985428,11.039392471313
143050,150.240871699211,3.850354078183027,15.728561401367005,0.734372258186,6.072193145752
27761,40.701445340487226,14.50739172606881,0.9363937377929972,5.606833934784,16.503446578979
181313,36.31504662681753,5.63894222095379,25.05422210693401,1.842431306839,12.348634719849
15754,290.28950691437507,16.527979904038013,58.773376464844006,3.525425672531,9.171380996704
110472,263.0210638298948,10.97361619312281,64.90466308593801,1.302477836609,5.555609703064
237370,207.5191263927936,12.931060226693251,141.489227294922,1.614271044731,6.037865161896
157743,197.30071923656547,16.613142400532066,163.226806640625,2.548728942871,7.111064434052
16693,275.406009444918,19.69676298063081,60.87927246093801,4.090817451477,9.941288948059
142650,198.12260123432844,5.119453934141108,6.940711975097997,1.876720428467,13.406991958618
165159,151.22074863985424,15.02394377209846,213.755645751953,2.491114854813,7.096549034119
176631,278.0805272675125,8.370587756821191,12.631233215332005,2.615270614624,9.669711112976
225104,201.67132139008012,13.17648172713459,109.371719360352,2.293673276901,10.101110458374
168789,40.49780556212112,27.897195169349214,341.696960449219,9.145302772522,14.67277431488
86953,278.57227616239857,5.857441657192767,16.515151977539006,2.687349796295,12.24182510376
25993,270.5004460568844,10.060124406379757,71.98681640625,2.343141794205,10.407855987549
153486,297.6180386273983,6.51122770619395,19.10385894775401,1.8488894701,9.379097938538
219382,39.07188463019534,15.095400511907991,357.723846435547,3.550751447678,12.533979415894
8447,89.34317118226234,3.683138149778961,38.624847412109006,7.297565937042,13.692157745361
204501,28.28534211152713,18.28817542553306,354.81517791748,4.213152885437,10.482128143311
20268,35.46743860037245,5.8275878341743415,359.395462036133,1.171179294586,11.541239738464
164887,156.2247188968041,3.1618917809100315,323.052490234375,1.275102496147,9.696300506592
41522,190.78060733374164,7.23083647996136,330.264308929443,0.989056825638,9.418975830078
206734,350.080748816395,11.811614456308646,17.399391174315994,1.867597818375,7.521430492401
113175,136.24836811040186,11.784763130841114,18.26580810546901,3.298409938812,14.446990966797
102991,251.294036379847,5.406125597922435,7.885284423827997,1.564854025841,8.196510314941
205848,237.9541815243196,11.87200793138167,56.777404785156,1.72855758667,10.742024421692
85687,5.425742124152933,5.594270363764513,18.690216064453,3.25311923027,11.416443824768
195338,201.9528973586528,8.233832612115833,6.941413879395,1.401451468468,11.846894264221
209512,72.37330161256126,5.228256063984556,16.104690551757997,2.415005207062,12.276691436768
49194,267.4930443993105,8.570109614401185,48.63464355468801,0.939709603786,9.151597976685
251874,311.4468649467153,11.75059824574332,35.742515563965,3.436972141266,13.276503562927
168206,66.64379863122133,15.655859630933726,319.241966247559,2.329831600189,9.176498413086
181856,327.5684530297893,18.868176936829865,8.685890197754006,4.703993797302,11.145805358887
176313,273.86025653227347,9.179628976861965,48.85348510742199,1.376662373543,7.75733757019
202982,23.65600024186484,16.26341456407991,348.830848693848,5.159616947174,12.405734062195
87765,340.1083317507734,13.005235157874829,7.948501586914006,4.805811405182,15.582762718201
64113,75.65563030669031,2.5389481173962496,17.437927246094006,1.4438996315,9.890745162964
58308,334.4244100540016,6.428731992645178,29.253967285155998,1.900607705116,9.724231719971
139834,276.349248828742,6.999367914814668,4.480964660645,1.750908255577,11.435824394226
199461,12.742593076953728,4.382183171627153,4.585594177245994,3.403459787369,13.365073204041
186386,183.65855746344008,9.419635733601956,100.71923828125,0.896144151688,6.562336921692
56689,343.66961071836045,8.815402507440186,17.081878662109006,1.215647101402,9.044196128845
252196,7.460459925681537,3.7601554717362,352.14509582519497,1.029188394547,9.2711353302
186995,187.58936584430828,11.098025393118716,61.42735290527301,1.845700383186,10.869914054871
14309,241.82476313023665,8.436745610978907,47.81044006347699,1.722797989845,9.964168548584
269294,286.63407644314333,2.998201811322377,29.096298217773,1.410370349884,12.188408851624
268750,298.42120065686026,7.764385787605844,33.172882080078,3.016344547272,12.120127677917
22439,315.1342277214635,12.827787131896244,38.922424316406,2.602748632431,9.679759025574
249379,98.36068597963944,5.729425668153587,343.612800598145,0.983863115311,9.019512176514
277690,107.24355704649776,5.182724415776851,1.6558227539059942,1.326468467712,9.840304374695
264093,193.57545254391465,10.96610953101657,143.229064941406,1.437228083611,11.098084449768
194912,12.164808004374368,13.099105773296756,337.94837188720703,1.94634103775,6.369848251343
270659,16.550783082334647,11.017530731734457,344.62293243408203,3.212640047073,10.45902633667
60086,51.54081462332856,17.69116789752672,326.862152099609,4.412558555603,10.800536155701
222731,4.007309823580355,6.4240043627162935,12.61058807373,2.128326177597,12.673888206482
64834,192.83700732900127,4.083893268707258,26.410842895508,1.878687500954,11.408431053162
159571,278.7274535307828,6.011159045307713,2.2558975219729973,2.452102184296,13.249214172363
255429,291.7653331233753,1.884977982419974,342.662490844727,1.039863824844,12.065434455872
251186,214.5755630893652,17.421163398592196,145.788528442383,2.213320970535,6.236733913422
50735,168.99011197611964,8.753179388796005,12.313926696777004,2.178547382355,12.313313484192
236204,215.277968383759,11.710756110761908,80.305892944336,1.880759716034,13.25267791748
50828,45.66878260823787,9.933639100745058,352.251113891602,2.8859770298,10.97888469696
118829,342.7869428773424,3.483001432671657,12.790969848632995,1.230540037155,9.485651016235
233296,306.5567163539513,10.282616516118589,39.61868286132801,1.141064882278,6.199924468994
151103,189.89692753048848,7.983855179718077,219.702758789062,1.132423400879,6.103698730469
74738,276.6650307940683,8.53658578706772,33.095039367675994,1.217212796211,9.594796180725
263815,56.47231850568591,11.240626698541972,285.522924423218,2.755149126053,9.665470123291
272588,15.83330826596896,16.476475269161565,318.010158538818,3.183015346527,7.88357591629
249737,16.596265168159366,7.4977085127275,21.17327880859401,0.959126710892,6.85404253006
267056,276.7791928342706,10.58523418819634,37.52303314209,2.400749206543,12.382388114929
191130,279.1701016932087,7.82735436693593,22.030647277832003,2.81746339798,13.516884803772
269717,327.24938247652545,2.4422714223882225,332.952621459961,1.413975834846,8.472743034363
114859,152.43272453924482,5.634012337942873,351.570373535156,1.31977057457,13.892017364502
15911,321.30014426070966,16.356546095047538,12.959991455077995,3.670018196106,10.018672943115
208849,123.67979415585567,11.1599097261495,256.921478271484,2.19656252861,8.116810798645
104575,180.4962338383452,14.040899534157557,179.75283813476602,2.347546100616,7.113399982452
11776,173.26527447108842,10.85949121937212,165.484420776367,1.339217543602,11.187880516052
147652,160.38656650885315,17.799950592564635,214.443359375,3.232340574265,7.46722650528
46041,199.59840990646344,7.76147016685141,7.186820983887003,1.842244148254,11.767775535583
251902,245.71902722447376,13.736094949895692,67.953796386719,2.341285705566,7.794896602631
89574,340.7900452337749,13.250068084605278,22.04273223877,4.400152206421,14.511052131653
162676,222.3970286098269,10.129271797028771,123.486389160156,1.324388623238,5.575956821442
235949,58.46514227466221,19.43816582947347,320.084449768066,2.333283901215,6.196137428284
130082,16.406731321303006,9.968495689781976,309.750885009766,1.254856467247,9.535759925842
185211,359.38144367703944,10.834590743344943,29.906700134277003,5.64710855484,15.514345169067
257584,153.5327023931712,4.499796467731584,359.98666381835903,0.653250575066,9.720975875854
22728,272.0589738301011,7.131405017426316,32.470680236815994,1.311228990555,11.487693786621
13034,298.8331070045268,8.758199928704643,31.70021820068401,1.486862659454,7.482566356659
17364,63.52223560985642,12.228252348719572,14.394317626952995,2.964228868484,13.410239219666
243002,163.34980503017746,6.034567627521975,349.45710754394497,2.113081693649,10.259522438049
194635,96.51696106465192,7.477823137748119,4.952644348145,2.38126707077,11.731767654419
45769,256.56194475097715,8.463612827629019,39.08947753906199,1.914455533028,13.088458061218
84045,240.2401014112732,13.165370522005889,69.91484069824199,1.382965564728,5.057954311371
50475,128.61504832485346,20.85045559238771,3.0749664306640057,3.781154155731,12.594232559204
39420,257.6342454842856,2.859317132343286,32.150634765625,0.884421885014,6.940855026245
171248,13.210185574977794,4.798708041053834,18.86239624023401,1.42776787281,10.451379776001
250914,335.1813662200535,9.942353554783208,27.535278320312003,2.035509586334,10.013096809387
154336,52.62715626097071,14.291106030456708,328.967571258545,2.248783588409,7.016764163971
8014,88.77209339778206,10.12032733062252,338.93490600585903,2.238522529602,11.625844955444
239019,0.9060157961595604,4.616672704339132,45.66142272949199,1.03537273407,10.585227966309
119741,334.7103070431147,7.961935736537404,13.550331115722996,2.274343490601,11.219299316406
78327,198.0637331090106,12.328184805696624,159.268096923828,2.156262636185,7.245131015778
235952,67.53289509422179,21.5010536990628,309.288764953613,3.577273845673,7.983290672302
269968,153.8077231887576,7.517577053608431,14.561897277832005,1.703304052353,13.848284721375
238587,181.57613535713995,12.09256464279737,205.847412109375,1.19236946106,4.92791891098
278129,349.1109551920305,10.214419893797253,354.356010437012,1.770845293999,12.550374984741
269120,208.0855196308252,13.808378310138409,152.784774780273,1.662441253662,5.846369743347
9921,125.55748117065237,14.20273746872567,295.171855926514,3.577528238297,12.864528656006
142252,305.99138886710455,8.029053507676952,21.742729187012003,1.776898264885,12.041152954102
252050,252.12266747719343,5.39846912673101,3.736656188965,1.100554585457,9.348459243774
136185,231.7301813394808,8.917401667993477,50.455230712890994,1.110502362251,10.164217948914
277609,206.0034818232806,11.689945611683145,31.139320373535,1.713136315346,17.701751708984
50979,19.698814928225744,12.432366192121837,352.104148864746,3.415232419968,10.194316864014
206669,302.7763486774542,8.536922814341466,40.488525390625,1.251026034355,9.877173423767
14214,13.67799080870333,9.966754266494585,354.611450195312,2.090748548508,10.535348892212
14900,336.40365112325145,10.867788210710607,27.996696472168,2.989240169525,12.608077049255
204522,344.63363657325846,9.278560084673837,10.415382385254006,3.238154888153,12.946866035461
112991,244.1674666280985,7.621591622326948,61.0146484375,1.262435078621,9.791304588318
113940,229.22050229502292,2.5192342415173794,33.44953918457,1.36065018177,11.407722473145
225049,284.105853332319,6.281818855155112,30.10589599609401,2.233512878418,13.924848556519
258818,21.28477529628513,10.840396371899407,349.019157409668,1.728596329689,8.360159873962
161642,181.7420568953208,10.735947839500732,9.177581787109006,1.434428453445,8.359777450562
78792,51.64286646612881,10.138474070680992,356.71167755127,3.760484695435,15.607888221741
147381,21.84014565137356,19.11657887458293,336.09390258789097,5.877783298492,11.865393638611
140038,203.26064822800595,11.379616367614537,45.855163574219006,2.094472408295,10.801376342773
21006,17.26903427337537,12.537316784442282,1.5644989013670028,3.207336902618,10.355484008789
146918,46.05385686907409,6.751964451947984,16.373413085937997,2.780690670013,11.28929901123
9778,97.6552141686026,9.145329782128414,348.64380645752,2.89591884613,13.96888256073
243656,128.7672618323027,9.047562025114592,286.36150932312,1.474918723106,10.33535194397
84727,37.0929373622429,8.955572448021398,9.97274017334,2.123350381851,10.448226928711
207279,281.9136237870993,6.090544327814169,73.17982482910199,0.646136641502,6.855488777161
80881,26.865734942222453,12.924719866058396,12.282234191895,4.045121669769,14.93717956543
237468,161.01591838724235,9.139368924508217,321.099529266357,1.471663117409,10.600087165833
202636,39.76971000176464,15.374628892836297,350.17349243164097,4.340977191925,12.850692749023
14539,39.80147272870737,8.356622049972911,347.99227905273403,1.006322860718,8.630300521851
180956,118.4337175000132,7.883353181584029,343.268882751465,0.891350209713,8.036422729492
253328,261.49895055991306,10.516923994289089,42.55813598632801,2.31804895401,16.234231948853
18891,147.76751640413036,12.633927496699911,210.15512084960895,1.798892140388,5.538134098053
154522,147.90991014914675,5.270486337970199,38.796691894530994,0.825167655945,11.295066833496
68414,16.47908009358087,19.94060628919938,7.315582275390994,4.700283527374,11.765906333923
17136,0.2971634523955644,16.858749555346282,358.785423278809,4.375734806061,11.91979598999
223264,340.5442601911526,11.1791921785084,26.942008972168,1.181678652763,4.867140769958
234295,42.77820425505005,8.822876313573012,2.593696594237997,1.373010754585,10.927363395691
187993,23.59805006866522,4.976818838761276,24.443817138672003,2.13581609726,11.847352027893
33373,349.6941545980304,9.368695436242293,31.356239318848,3.017571687698,13.540188789368
262848,192.6589139975419,15.379737491146386,150.80924987793,3.002010583878,9.905961990356
202533,24.540974656665668,8.659230824330617,6.273139953612997,2.260413408279,12.04785823822
151507,333.9683063257602,6.450787011529693,18.765502929688,1.33377468586,9.214509963989
184555,230.5147814044652,7.272350362064936,139.525970458984,0.692785680294,4.778098583221
187576,24.44647202747576,4.55232588807764,14.208229064940994,1.850907564163,10.497910499573
2863,68.89202431420905,3.565285299594525,39.720062255859006,1.910271286964,6.880682945251
265055,328.1487048598027,15.669969842686942,28.445114135742003,3.407133817673,9.511176109314
193684,48.30948772850307,18.759699772674328,346.57406616210903,3.978833675385,10.122186660767
181549,23.315069975576115,8.130724628311786,19.582984924315998,3.187842607498,13.692758560181
113843,257.3526367537809,5.409679832464112,42.714584350586,0.998932182789,9.48761844635
254343,25.78485388359024,20.843825962697487,354.864036560059,5.691544055939,12.583906173706
153673,323.94443933354216,2.450419307046985,33.490386962890994,1.087241053581,9.367031097412
63091,331.30407285144605,4.754200715692385,6.894790649414006,4.082984447479,15.692625999451
219325,13.993311313598753,17.432517563112533,344.799926757812,5.859065055847,12.973350524902
96200,318.3111152025318,15.02928454525749,351.00985717773403,4.105420589447,14.428518295288
170493,0.7668941664360456,11.38095601230491,5.1737365722659945,2.0461165905,8.072268486023
269431,218.584458436222,10.765439922052872,101.482025146484,1.618793964386,8.379643440247
268140,64.37513285999466,12.673108163575224,339.53556823730503,1.692345023155,7.668944358826
63552,280.90326637927615,3.031426174703329,15.126113891602005,2.377584934235,12.318654060364
125320,25.494972501787835,3.9211709242098856,32.399147033690994,1.865680336952,12.607555389404
154800,289.9014797226796,8.825782555095135,53.39920043945301,1.113927483559,5.667064189911
175599,30.030704640973266,24.219751851695243,351.232208251953,4.375020503998,8.356366157532
60112,25.6335541462434,20.688146141397635,349.971176147461,6.922872066498,14.251534461975
73153,200.05803600032235,10.504004004366582,136.823684692383,1.418422341347,4.990458011627
39028,250.01233688941545,7.368139682318381,25.354774475098,2.28630566597,11.442914962769
195607,6.996809578177629,19.09428985350231,342.11669921875,4.453988075256,10.276109695435
154679,16.195493995690804,15.023511216504309,4.247657775879006,3.735609769821,11.339781761169
157506,13.069625406421618,9.275396010466242,338.171806335449,2.347204446793,11.67674446106
70864,126.61812566879163,5.210286829452778,0.4678268432620029,1.871670365334,13.224472045898
255791,1.8653033772189964,5.859330423119174,35.096733093262,1.090958595276,9.142072677612
172431,352.1683652253033,5.455578634354327,9.28246307373,1.537544488907,10.397727012634
152217,179.00712197636474,4.783322980024351,16.891181945800994,1.244545102119,10.693395614624
209722,304.4926024687396,12.254842148502687,21.459526062012003,2.135048866272,12.119799613953
19129,67.60921892105617,17.463519000610912,326.131359100342,3.726172447205,11.504425048828
145550,187.69748014878067,7.806542784671056,168.35546875,0.86430811882,4.902851104736
140968,350.0114687886095,4.496249201047188,9.784812927245994,3.245584249496,12.621105194092
94199,206.86336134253705,14.731045074384806,122.222137451172,2.384402751923,8.303419113159
43367,274.1992638640796,6.543778452096487,40.23344421386699,3.316557884216,12.917247772217
222273,260.526565684935,7.6588325871588125,13.018058776855,1.481541991234,9.466373443604
184826,77.69748628514486,9.038071262678676,17.704574584960994,2.294368505478,12.218053817749
234995,21.16051617991582,8.559797734690163,334.929565429688,2.468463420868,8.706657409668
46967,275.92425785211293,8.227291119059325,55.482681274414006,1.007166385651,8.630005836487
159244,40.25358563743463,14.766095315592104,2.0437469482420028,3.645376443863,13.849047660828
47072,276.7285647419572,4.74657744304777,39.06459045410199,0.802890777588,9.991525650024
205374,301.8672009723568,6.638582393526806,32.631103515625,1.712020635605,9.86218547821
206626,338.93889159480256,4.448683335819008,31.13851928710901,1.188095450401,11.705819129944
278047,138.35452798477115,0.6869570279906286,1.503280639647997,1.254486560822,15.865884780884
86864,30.59395644755617,8.254570672693164,358.093162536621,2.112863063812,14.325726509094
271981,235.60233871214405,5.505941409245176,72.156173706055,0.99413383007,7.917712211609
131260,358.5178426742922,16.504844074340106,17.046928405762003,3.996468544006,12.824229240417
118329,325.7282973573046,4.925905019223685,344.112594604492,0.990886807442,8.326776504517
157493,138.94500347895365,8.9535753655095,331.820384979248,2.159835338593,11.526385307312
262958,160.86013084466845,10.454401534462734,252.016693115234,1.404564619064,11.920175552368
8195,63.14998421296264,4.825841657553995,0.3048858642579972,2.193681716919,10.562642097473
235611,277.42737126541925,4.811639163794631,44.00581359863301,1.271619081497,8.239273071289
48667,272.4829411839345,4.842856040520762,177.73681640625,0.718931913376,5.244080543518
223984,49.11829936701885,6.298916949523093,349.588279724121,0.750030219555,6.110121250153
28934,263.89081486666345,4.835461371819847,87.92257690429699,0.882013142109,9.815144538879
157221,213.7158301015189,8.57350708340621,61.514419555664006,1.391949892044,8.878692626953
95777,177.44249545947469,14.258262777348564,200.16278076171895,2.018262386322,6.303757190704
142837,12.222130511461486,19.236145179629403,6.826881408690994,2.717725753784,7.145491600037
192473,319.83690126535754,9.355326889367577,23.76879119873,2.524859905243,10.733213424683
206041,342.8699512372212,7.764332590841163,18.22297668457,2.281960248947,10.223376274109
246481,352.08595995431205,14.50055206508274,13.192993164062004,5.423093318939,13.62055015564
75880,236.45381906071492,5.693128894164942,64.49458312988301,0.967264354229,8.641134262085
186857,90.24386805700118,8.48415827470539,336.450378417969,2.057997941971,9.413395881653
175698,19.080912658033395,14.594492633156522,6.442512512207003,5.063646316528,14.351761817932
221969,285.6339814518866,13.40505646220543,48.40705871582,2.188789129257,8.99106502533
211113,257.4907069899768,16.988406275788865,73.77796936035199,3.693694591522,10.637985229492
197413,47.87313884538424,8.48589154790761,353.67945098877,0.973932921886,7.180587768555
251155,212.95379749217463,9.975118651977724,150.716247558594,1.126996159554,4.959049224854
39617,113.99748808823117,3.614107178949547,342.887756347656,1.036000847816,8.436513900757
147950,271.1266709185237,8.069549000011676,9.870170593262005,1.707684516907,8.417701721191
167687,256.65897409134345,10.2649765895832,28.380180358887003,1.646539449692,10.230237007141
238832,52.06311100989271,12.461095918544418,346.046752929688,3.525534629822,11.713735580444
17342,19.631983238480085,10.127851350275265,20.508377075195,3.163431167603,14.483646392822
87905,221.20180264165955,11.573492927254728,33.400276184082,2.880699872971,13.296710014343
1597,183.67369293496824,4.520721363080398,27.26670074462901,3.015268325806,13.263165473938
95539,189.33659780567524,13.993442175557716,171.09677124023398,1.873507499695,6.18810749054
195913,239.4452392030829,11.398474482335804,110.345855712891,1.358846306801,5.15336561203
42617,150.92506462915753,8.204552096900851,298.375291824341,1.065905809402,7.730365753174
233804,221.96706648271888,8.091793871172962,43.998031616210994,1.101056814194,9.322556495667
147290,200.83470986945537,4.919518675871808,24.894256591797003,1.678237557411,11.861267089844
115636,323.916624203892,6.111236031382737,28.74179077148401,3.087722063065,14.325075149536
179385,261.2199969946815,6.829636918188641,49.15132141113301,1.010569214821,8.957122802734
276906,3.982205946644187,8.845235634012582,15.965484619140994,1.217608571053,8.56663608551
138172,177.21243901224418,13.240073290179,191.168182373047,1.610705018044,6.094762802124
157292,178.81142697056077,11.256732361085936,61.263900756836,1.458298325539,12.364109039307
3010,312.54515742207553,8.884854213241592,67.149719238281,1.006657719612,6.548089981079
83829,46.972744470150126,9.48517251934725,19.783409118652003,2.932767391205,11.980344772339
58662,186.25471677575752,10.681162172667795,169.30609130859398,1.305230975151,9.035420417786
187762,359.7501100271665,2.9981213726973115,3.2934188842770027,2.082910060883,12.316693305969
153871,197.42403936023751,4.275574241135293,33.419784545898,0.899210870266,9.920938491821
221067,350.55254105757643,16.14491196722147,12.175163269042995,5.064208030701,13.47718334198
194549,340.92122912230684,8.434889620130825,353.130767822266,2.968488454819,12.062809944153
52078,200.0258496640389,7.408862177705016,8.941635131835994,1.89931666851,11.952319145203
253494,30.22841283905523,20.77581910414797,12.466102600097996,6.179370880127,16.128129959106
6582,186.46818509393435,4.358440596686362,13.240257263184006,1.910498142242,12.968066215515
167335,211.1876762009341,18.17611470084749,152.96337890625,2.242196798325,6.35100030899
158287,206.95670747369024,20.52658662476501,160.866149902344,3.479696273804,7.813593864441
196449,249.9891349838781,7.400163239049748,25.410385131835994,1.173583388329,8.597702980042
143464,164.66361317506122,9.315398928984246,184.757232666016,0.827492594719,3.946979045868
35040,153.84494880733567,6.374641028039909,5.801811218262003,1.78800535202,13.464524269104
231825,208.7827115630424,9.541529264935196,145.501693725586,1.022891759872,4.856505870819
95151,330.6663673300169,15.476650120983754,20.04225158691401,4.725410461426,12.048882484436
71964,313.46890264914725,14.382020506953957,43.712097167969006,2.627249717712,8.228596687317
143277,243.2293913847282,2.735625557653228,14.451690673827995,1.12912774086,9.213358879089
95264,167.0979840753564,11.981070547573692,295.394403457642,2.083152294159,10.824524879456
80843,30.290023070837087,11.347707858642298,2.4037094116209943,2.606431722641,13.143321037292
7332,36.37416621056667,7.619656572280141,30.44384765625,3.196045637131,13.702020645142
107201,244.0856604858024,17.576293199345248,101.727951049805,2.564363002777,6.488119602203
102180,116.36776467340589,5.295550474099748,22.69720458984401,1.6021463871,11.26443195343
134174,92.9813920337103,15.434715312636964,267.420806884766,2.291491031647,6.51406955719
32705,22.02564796380781,10.384181930150794,336.367256164551,3.353981971741,9.587090492249
224511,88.45215953181082,18.44388191540428,314.469093322754,2.984091997147,8.826865196228
30640,108.96306621839751,5.8755326731726,19.506134033203,1.284011244774,8.812403678894
116065,43.03457837089638,8.61547797522381,22.54616546630901,1.405490756035,11.238229751587
226012,35.26546581981641,15.841287480057185,336.539543151855,1.842406630516,5.89017534256
96191,34.86828850712785,6.679904268575082,343.550888061523,4.776891231537,14.675477027893
6923,281.1652202824706,15.147475906666449,36.50138092041,3.13808631897,13.440445899963
149489,119.9129711814162,9.201489614963386,2.1324691772459943,3.273733377457,14.064500808716
249178,221.5640443079566,4.972887930289487,38.63546752929699,1.600542187691,10.426869392395
155283,123.8517621185951,8.554990686274722,0.524551391602003,1.691742300987,11.561227798462
214536,307.96194635132736,12.186437086928684,39.306457519530994,1.438757061958,5.313005924225
55090,319.8443190044562,17.414139560240248,30.592475891113,6.263967037201,14.91494846344
161237,199.3022523745464,18.8047505681307,156.218978881836,3.432569265366,7.301973342896
117240,183.10809757844572,13.766973084150168,154.605392456055,1.467472672462,5.318987369537
52688,176.3859389289468,12.246141616310224,74.345932006836,1.831665635109,13.686440467834
25272,24.525512099728,9.127660805696593,16.517990112305,2.580905675888,11.68852519989
111553,357.0678605428414,9.252205012048837,30.429679870605,3.220411062241,13.0910987854
83133,244.1392476083248,8.995061882556994,46.265930175780994,1.443191885948,12.713947296143
1987,307.36548303062256,16.986588339177132,292.403259277344,2.369376420975,6.563471794128
141071,39.75334757351551,10.82650164332176,358.760635375977,4.147513389587,17.459831237793
45274,211.3695011867393,5.0062167706000045,61.23908996582,0.93913602829,10.800750732422
178380,61.52790952257968,14.986395444888508,333.46312713623,2.92037820816,10.532865524292
175151,30.285735313195897,12.925978371051997,23.661590576172003,4.049438476562,15.218956947327
226586,221.165376123261,7.386633681996884,49.09071350097699,2.058236122131,12.04395198822
96760,319.9730592458852,10.395479093165108,13.793838500977005,2.965549230576,13.47779750824
80368,87.99829639649145,5.722054595862138,48.994964599609006,1.156612157822,9.189120292664
258928,298.5210109677772,4.934275130424547,24.72216796875,1.029932260513,8.572202682495
59482,197.96226651439764,14.175896829864516,167.066650390625,1.883845806122,5.876232624054
174108,106.51114219712689,13.457359169170294,24.024078369140994,3.493727445602,14.123194694519
165115,220.45366754938885,7.916439353589618,53.522064208984006,1.043580293655,12.066918373108
137528,15.293173389450772,11.529147759951158,15.361328125,3.962221860886,12.473219871521
166608,39.75552571054062,21.42666783434881,8.021690368652003,6.406492710114,16.315818786621
15045,43.35742644059301,9.29595553633264,2.412292480469006,3.742088794708,14.18053817749
195181,332.1173162035809,20.700705792953286,12.823219299315994,7.012185573578,13.647927284241
134586,95.00330839975292,7.052315605597927,13.859313964844006,2.097272634506,11.317578315735
12118,299.259385351481,9.267868804129655,24.058166503905998,1.705736398697,11.098804473877
125723,215.2972384210433,15.02933829983972,139.383056640625,2.403560400009,6.787794113159
163859,176.896422513764,13.01210868695049,152.836761474609,2.02192234993,6.334251880646
10199,181.5575987832437,10.63216841686826,72.603118896484,1.684762597084,11.309372901917
206139,48.028427488710655,10.806636196457829,356.522171020508,1.368510246277,6.843295574188
251886,276.49106436093496,13.824150540533468,49.74531555175801,2.980509996414,12.050380706787
27154,74.01588149446206,8.26281760206285,342.793762207031,3.824139118195,14.263256072998
190124,236.54562422002084,5.663642156058704,29.005531311035,2.730189085007,13.510280609131
162143,337.27471012925514,10.797395343052852,23.635902404785,1.237655758858,5.133517742157
59123,326.936375022775,1.8466059366509813,335.28092956543003,0.98789536953,9.991558074951
154771,306.2517562348542,11.20661400847472,38.63432312011699,1.17444896698,5.618102073669
278565,205.39506295175585,13.38843407338459,139.533752441406,1.695434093475,5.500260829926
110671,280.7903901032679,5.416140969128451,33.629241943359006,1.35288143158,9.885789871216
81015,350.9026517596632,14.574277244953366,8.355613708495994,2.73215842247,8.387162208557
24063,63.213945951706016,11.75007205511132,316.497783660889,1.792899250984,6.393748283386
188001,28.438858824367344,6.624878681770938,24.355712890625,2.186330318451,12.627158164978
60285,64.5660244303717,4.146526467046671,14.585739135742005,2.523767232895,13.619134902954
125704,217.12207255628687,8.573379464248008,86.963851928711,1.532839894295,10.653700828552
163805,220.7851213841204,7.864476058745122,53.37919616699199,1.174888253212,9.114786148071
270247,122.84598096549745,7.049685921606341,348.456893920898,1.58006310463,11.172326087952
153979,275.538516841909,11.52981370081075,58.478607177734006,1.179518342018,5.249542713165
302,11.702984386154816,22.29481261735915,7.201148986815994,3.31645655632,11.455180168152
142239,303.89865091911105,8.039332432799837,14.756423950195,1.878439068794,12.801964759827
140064,210.7152629620225,9.907309294729844,112.499923706055,1.725310325623,8.169143676758
81174,208.4415395344781,13.511082253572631,154.047561645508,1.740478396416,6.000168800354
189709,136.94829531379307,16.450810660464377,258.851806640625,2.361019134521,6.042644023895
104493,198.2310733957928,12.606607064304937,170.14501953125,1.63295853138,5.886148452759
192951,21.761801208504995,17.919509380243337,344.54271697998,5.339181900024,11.694869995117
179597,12.257946119632866,11.35759781967456,21.929565429688,2.467518568039,11.11413860321
118103,236.08554451929805,12.293566873974957,89.103271484375,1.508024215698,6.978304386139
48470,20.892681316722985,12.310098971822631,339.858726501465,2.088786125183,7.403641223907
67660,201.6956446447938,10.79391551914746,146.205490112305,1.224499106407,5.143952846527
10930,29.35095318182739,13.023696077284434,342.142044067383,2.544668674469,9.44044303894
279298,21.42397537242795,22.584821458994508,341.72004699707,4.618941783905,9.218398094177
127337,324.91057612354103,11.132408821386385,35.166839599609006,1.97018134594,8.120645523071
205690,261.23060265924954,7.706816376330352,5.753128051757997,1.558530688286,9.687734603882
242968,105.9114849361294,6.551550109529814,17.270713806152003,1.940291762352,10.230969429016
46877,223.0535973904528,12.76126485126317,116.144760131836,1.091180205345,4.52991104126
173190,15.23627629330308,4.257441927760598,9.936515808105,0.796600282192,10.103199958801
182100,17.740675194337364,1.9317215041471345,27.737907409668,1.679417252541,10.767636299133
172557,6.078084766116974,11.391416210756455,5.158897399902003,4.546290397644,14.233461380005
256000,34.902251847143226,16.385869296981646,336.184272766113,2.645755052567,7.161870479584
212638,235.4115882223128,11.45258454103635,58.69583129882801,1.691872119904,10.344955444336
276156,285.91537529462954,5.3835236915546885,26.58010101318401,2.936969518661,13.27633190155
38569,227.9250372117548,6.8695452140554485,33.913436889648,1.129916071892,9.187479019165
20095,214.8484257842468,10.266513505722187,84.85110473632801,1.653303861618,11.285659790039
197248,174.27647453247667,4.669365842925487,41.503662109375,1.089845180511,9.516739845276
227718,342.0404095867344,12.10763177824116,35.481170654297,3.562529563904,14.496257781982
242050,283.2771838594494,10.732143307568412,60.34898376464801,1.221105217934,5.615752220154
253450,30.823669353724537,9.15046538907966,19.56683349609401,2.25989317894,11.620483398438
280475,174.42076160044115,11.749789406186975,332.656368255615,2.286597967148,12.285696983337
241226,42.17077449202748,11.05619991769226,358.953903198242,1.23786175251,7.800123691559
7448,27.95268671394226,8.86229114270618,24.761344909668,3.706300020218,12.540182113647
55699,311.08975986497614,14.490346262057878,36.528793334960994,2.516990184784,9.728213310242
67072,333.5559632135912,16.567334693568988,34.105773925780994,4.457202911377,11.50554561615
11902,152.89997073958224,11.695576389394574,235.802520751953,1.464156150818,6.766456127167
234342,340.73356106690034,10.479920692290028,11.573471069335994,1.689792156219,8.591602325439
61299,247.39182282406392,12.135713171616173,106.206558227539,1.518258690834,5.578114509583
192784,244.57951316885988,5.965116974730487,11.654838562012005,2.5409116745,13.307782173157
268159,73.15304410773005,10.85620116698643,330.617763519287,1.739358663559,8.571683883667
276230,290.68391926082427,3.453143263632488,32.383209228515994,1.626367926598,9.832201957703
218245,275.18795646869484,13.874586577888683,70.70594787597699,2.155947208405,7.14306974411
37362,7.314444272230438,16.86340812328697,9.511871337890994,3.400099754333,9.734776496887
228576,245.5865206433708,12.313706868453416,89.38471984863301,1.540008425713,5.699437618256
129741,213.1761223524971,4.286727908472508,94.434661865234,0.510082006454,10.376864433289
137295,114.390203207952,2.72429145329114,47.646560668945,1.009408354759,9.054358482361
129793,238.1132237769517,11.85572183140283,101.7802734375,1.475093007088,5.649075984955
128184,216.6919255496711,5.383821512551405,34.629402160645,1.557864427567,10.751424789429
48927,1.0432382077229685,9.54109213016022,17.363006591797003,1.324699163437,8.395397186279
72493,350.51402690707147,7.876285385888056,0.707870483397997,1.172768115997,7.292793273926
143911,274.3162085195038,8.363209946041936,13.514839172362995,1.943186283112,13.0802526474
175974,330.9565937094049,13.714739631034668,25.419174194335994,2.742128133774,11.549056053162
114207,200.59775860778225,8.171534344676429,90.492401123047,1.232603430748,8.963690757751
186944,141.50004699498126,11.457436545732271,285.180151939392,1.144719958305,4.396265983582
220376,197.71696401977832,13.020769337433345,147.195251464844,1.816646337509,5.719682216644
217355,174.6309494647609,12.06805963030136,187.408294677734,1.681664943695,7.609162330627
146240,39.89461653816258,33.556125478381205,335.98328399658203,10.698163986206,14.374694824219
199821,51.30292056223653,11.748489555594144,323.708358764648,3.306711912155,12.844185829163
86435,63.27890580114855,6.45073511023476,16.292175292969006,1.581279635429,11.94350528717
40262,241.3879987528078,7.984718965591933,54.99702453613301,1.321783542633,11.378540992737
63563,260.37209120737725,8.482395954719577,16.819046020507997,2.028980731964,11.991669654846
247203,203.96312487269168,9.09052524788847,38.682861328125,2.46608877182,12.329790115356
11108,277.7074039231909,11.241103917419434,47.31623840332,1.691928267479,11.276313781738
96537,88.26885433492241,12.29296073041276,355.250007629395,2.946273803711,14.723358154297
219033,30.30224066487973,13.541814575931369,7.067352294922003,3.453092098236,10.898244857788
60830,324.64227313086303,6.271884605630039,16.882171630859006,2.508980035782,11.907388687134
243886,103.36916155827944,5.25390418224815,19.75520324707,1.100706338882,9.647042274475
120761,237.0594690614525,15.247816497468696,133.63801574707,2.256237030029,6.695289611816
225041,290.97566462706106,6.673467423638271,28.136672973633,1.566055059433,13.918643951416
117353,185.49859699317955,2.779409632668966,59.345062255859006,0.692967534065,8.19501209259
82260,180.4901170666732,6.521506738604843,127.433288574219,0.675033450127,4.126944541931
185115,32.54724176453703,13.874619692250308,18.002250671387003,4.446339130402,14.774212837219
224688,23.722131336089465,17.386972018511788,338.50904083252,5.090239048004,11.209599494934
115534,88.03562348344585,11.56551406602624,5.010437011719006,2.768007516861,13.936425209045
252128,233.14220605331505,4.825376110268611,38.350433349609006,1.100677132607,12.021328926086
165330,19.81469081554504,16.109313756426616,3.385696411132997,4.715710163116,12.012119293213
65662,309.120458504709,10.643350432511598,29.301895141602003,1.243623733521,6.622335910797
199904,9.294081922249257,9.304301476708872,331.706726074219,2.248159408569,10.572274208069
27098,121.30831441040328,9.382488473929335,347.770606994629,2.349912881851,14.18927192688
105419,28.79061318794821,8.097807780696865,341.649383544922,5.730985164642,13.541683197021
97835,15.887054743240409,21.73859278231192,11.675476074219006,6.086705207825,15.476024627686
146046,227.4324692646628,8.440336189365995,86.013107299805,0.944407343864,4.893612861633
226070,324.5911049675679,14.097238356020735,31.14007568359401,3.686025381088,10.662766456604
176657,180.2927836315,4.418553077439039,25.765289306640994,2.834008693695,14.006694793701
65606,144.27675443593907,6.5908603671868695,1.819770812987997,0.844584465027,7.858396053314
14523,30.82237974210712,5.2609080844035,339.895538330078,0.612458050251,6.626368045807
90696,192.18513793785547,13.419665585917803,155.292037963867,1.569257855415,5.414581775665
58586,197.2354465867045,13.570582758252408,140.513549804688,1.729774832726,5.320917129517
184515,199.9387056955877,12.855735209787149,156.541030883789,1.597523331642,5.653567790985
173063,358.6462236669244,3.5617058268739057,13.836570739745994,1.21114730835,10.823036193848
271772,248.50730747284507,6.2579152257301445,347.53279113769497,1.58844268322,11.282562255859
236906,127.50367809410936,4.898427671266481,18.83984375,2.06972193718,12.413888931274
214895,251.48794908908133,11.85704970809392,77.16813659668,1.191650152206,4.836229801178
96425,120.72886143111204,6.625650994689486,16.369537353515994,2.965438604355,14.449914932251
17209,324.6645926601523,20.69900544007365,27.195129394530998,5.077121257782,10.646504402161
13587,18.454105340155195,12.175416662201496,2.0566253662109943,1.821473479271,7.614304542542
88487,119.34207435266327,2.186613952908177,15.794868469237995,1.88251388073,13.022623062134
75829,328.88474888855126,11.774594630920022,18.443016052245994,2.134114742279,11.047945022583
200444,288.9518771015506,10.595764806398076,35.259963989258,1.723217844963,13.376265525818
152421,51.45732956246287,8.886992318639736,13.96297454834,1.385015845299,7.951765537262
13368,298.1560668681125,9.186239797428822,44.961929321289006,1.382206201553,6.84725856781
227603,355.8733809397807,14.625729516765125,22.599182128905998,3.741654872894,13.295671463013
82281,168.19408907146197,12.048467102497042,184.983642578125,1.201365232468,4.988833427429
157966,163.79543636998665,19.276019377255373,199.264434814453,2.807201385498,6.733998775482
3696,205.7760521633361,11.881656238331049,346.903755187988,1.241767168045,10.703395843506
24258,41.321822886413045,7.913479522253336,30.199104309082003,1.992335915565,9.882534980774
74208,308.62061078044326,11.080368030856464,31.142547607422003,1.79999601841,7.763567447662
35024,165.08425846322788,9.211152723142623,232.588256835938,1.516735553741,12.617930412292
190271,66.42512615812801,9.778952803628252,321.354236602783,0.933721423149,8.094922065735
211554,145.135916674747,20.99746897535637,233.112518310547,3.483772993088,7.793448925018
257025,331.3854743313619,4.718675751629895,0.6732940673829972,1.867768883705,11.444727897644
193480,338.6042024054508,17.577772728037978,358.266136169434,5.468928337097,14.830558776855
189867,99.48871999738472,4.686561584264604,29.11198425293,1.165281176567,8.891428947449
234257,165.53343740473818,4.200957542898955,29.920547485352003,1.213059782982,9.341600418091
124853,71.35924908815126,13.217467598224328,354.89640808105503,2.571516275406,11.907799720764
46273,218.093537162568,7.1238866965117165,35.440673828125,2.174523115158,14.865704536438
137410,330.0026702245036,6.5203135081656605,9.91650390625,0.90762680769,6.020666599274
84346,60.40239493866408,3.2745287159481973,6.071388244629006,1.370484232903,8.99066734314
257144,87.99850361515999,7.11900310894441,9.906158447265994,1.382942438126,9.878131866455
28596,50.09094820893035,13.153600222998076,337.000427246094,2.260961294174,8.180757522583
258421,47.694734066029255,2.560294166722902,39.38659667968801,0.841735720634,8.192161560059
95448,119.78858348044906,10.055258862454057,285.294166564941,2.49592089653,12.063735961914
262319,3.0965581396659423,9.067166636467368,22.655418395995994,3.191706418991,12.070540428162
229299,220.41659347914563,9.989841371880672,147.027679443359,1.418003201485,5.91307592392
161970,314.86047228448905,10.413313331942954,36.841735839844006,1.674853801727,7.927778244019
51554,61.74655815383099,13.141148662125948,331.746143341064,2.603886365891,9.89515209198
260858,355.0555599917454,4.505424746621538,44.01379394531199,1.741479277611,10.339275360107
2016,289.32180748381177,13.81184663760826,340.99423217773403,4.182386398315,11.409959793091
122459,199.5752634864404,5.243912260907258,355.645195007324,1.575076341629,10.78927898407
237139,312.9873150078872,0.6760373306794868,25.770881652832003,2.058451414108,11.377756118774
201341,239.0841187290624,5.978285073779074,237.179809570312,0.764248073101,11.572088241577
195670,14.962306945799924,12.365616186298992,4.928733825684006,1.874626994133,9.753612518311
19585,110.2199933919986,14.061693510921868,345.135353088379,3.742438554764,14.750365257263
18614,184.318232074348,8.750453414598123,28.743865966797003,3.30495095253,15.08410358429
139237,46.37627722791398,9.452448606676477,355.024955749512,2.015084505081,9.760341644287
176899,100.4882061219139,13.004021367809887,354.63589477539097,1.285515189171,7.634496688843
37283,289.0164664142917,13.596352111496207,62.12434387207,2.242098093033,7.419611930847
138057,245.1689716324244,8.173714405612808,62.43931579589801,0.987853765488,8.87530708313
65532,269.18800339915754,5.539526328973399,50.891128540039006,0.839633107185,4.834654808044
232757,241.9815051968214,7.65935010466239,47.25875854492199,1.267399668694,9.14644908905
36678,282.94734339686323,2.8715438545590515,359.24842071533203,1.216265678406,13.422856330872
130147,161.12034640214316,4.108770291337069,9.48356628418,1.70135974884,11.822340011597
92565,298.7214038432073,9.155874327233034,34.813293457030994,0.882715046406,7.264163970947
86610,8.108787195576928,9.703511878486973,350.204147338867,2.282799959183,12.190864562988
139963,331.419947467784,14.012553400314957,26.92024230957,4.705128192902,15.025108337402
96417,130.845163399041,9.621915404700408,16.173072814940994,3.31601691246,15.168510437012
276053,274.7644508243487,5.962775365653213,29.479484558105,1.159577012062,8.984504699707
225221,46.561484367763065,7.874700740169829,328.743980407715,0.821930468082,10.330979347229
136635,178.98575629022253,3.379613121002691,344.119651794434,1.191039085388,8.302558898926
189464,311.95552274692045,8.735701302834569,48.97164916992199,0.900249123573,5.243914604187
98993,327.3963710520063,13.643541639422091,35.177230834960994,3.859807491302,14.084992408752
92256,272.0239842007695,9.798588915037852,60.134582519530994,1.126468300819,5.1868019104
168081,37.09833463115448,3.758633486571939,24.413078308105,3.767669200897,12.160634040833
272491,281.4073717329049,17.11182241981404,39.57621765136699,2.011872053146,7.574799060822
251552,191.08884183179595,10.295478257994628,155.219741821289,1.049435973167,4.643174648285
93204,204.9967642540236,4.0623684199681245,40.21179199218801,1.030895709991,8.690674781799
195132,44.07024189836531,17.28291179384084,339.078712463379,2.697486639023,7.162062644958
70594,196.21856387581408,9.499505907899666,7.266868591309006,1.757859230042,11.306448936462
107073,43.76593358929727,14.819950926990307,349.933227539062,3.625273227692,13.379857063293
132431,358.7946401690676,14.741471794810009,14.67765045166,3.794010877609,13.521759033203
162919,178.42957370468034,2.635677649111393,28.001930236815998,1.459173679352,10.3323097229
253572,10.837400688318937,14.994260200880156,351.874351501465,5.041875362396,13.343749046326
258704,15.48768484317172,16.933779907582355,3.9142150878909945,3.179343223572,9.252071380615
215305,53.81113752955751,10.777719571022253,349.271171569824,1.29298889637,7.731466293335
10030,295.38313163258624,8.446607248008903,19.667602539062003,3.008218288422,12.876203536987
145609,339.5038392502463,4.613895108478019,8.044425964355,0.725816607475,10.203385353088
24047,70.42201715113282,5.22377290835055,23.212394714355,1.707146763802,10.170770645142
271749,225.1266878985376,13.889908393269714,2.145233154297003,2.391082525253,12.073496818542
47962,281.9559870802263,12.412004086712242,61.05113220214801,1.50578725338,5.865039825439
261993,285.9543683322105,9.619065498097775,46.08702087402301,1.907312631607,11.562279701233
45288,349.7715974014933,6.913360525952195,34.050559997559006,0.849042892456,10.044577598572
187118,6.444828595489879,3.357188611914703,30.94809722900401,1.135085821152,11.686217308044
7949,345.9506764034033,21.185017638611967,334.136184692383,2.39083147049,12.862989425659
226566,234.3594675364339,9.979709127565233,64.75227355957,1.617846727371,8.878812789917
44059,34.91447855106424,8.402394852709573,13.333236694335994,1.799372315407,11.256625175476
20052,59.11950382354767,1.2713579523546616,1.790451049805,0.967016100883,11.292552947998
182312,168.855630275813,6.585916440027924,18.077156066895,2.363699913025,14.593643188477
79231,177.69110805118277,13.449884791685552,7.922569274902003,3.688512563705,14.159198760986
157117,27.26538730680476,18.01675039314679,355.784225463867,5.45408821106,11.128371238708
1244,68.29670749465028,17.43972337236341,6.391723632812003,2.878666877747,14.048720359802
77160,41.37179917484198,11.860682915230733,340.57258605957,2.146668434143,10.061841964722
273331,205.1430816382949,18.38468377311667,164.837707519531,2.625864982605,7.03661108017
169700,42.68963726423453,3.636169668077809,276.764773368835,0.789835393429,8.504165649414
212036,61.63247919365963,8.85898803862131,3.042175292969006,5.120129108429,18.822452545166
207319,239.92836337123725,11.137310436581387,87.137542724609,1.479905366898,7.253411769867
60618,83.97499178654556,12.207092394949765,327.821670532227,2.484547615051,10.147610664368
247719,233.79849758228409,7.578485707626394,134.609817504883,0.984158396721,7.346281528473
241346,209.5864245056897,13.253639987561842,69.736755371094,2.91561794281,13.552279472351
252601,219.97939241438,7.922397288755941,30.882476806640994,2.121481895447,13.683501243591
6476,309.30332310798724,7.620526524633981,25.963455200195,1.650516986847,10.809501647949
184695,161.55241077083144,15.25196825672483,215.41375732421895,2.602899551392,9.755543708801
37149,229.34147941048812,10.826803880050376,44.920669555664006,2.831200122833,12.818671226501
162023,349.38880641618715,16.05782706715848,17.734893798827997,2.901624441147,8.735194206238
119949,61.56118725371427,10.758012216536684,309.519397735596,1.088799476624,4.892099380493
211052,315.4471637960659,22.32404732603631,33.625526428223,5.138638019562,10.203186035156
94954,12.289703987448894,7.847572455680119,1.251762390137003,3.79546046257,14.399164199829
51833,75.72723587652018,11.276842938009016,354.750030517578,3.155387401581,12.683857917786
134107,258.7269076440017,0.6288884939967516,52.52478027343801,0.878471016884,10.014041900635
153305,299.2625182408902,2.6903785744735504,7.822357177734005,1.211247444153,10.227230072021
155931,1.87289604680125,12.001688537768826,12.772872924805,2.63103556633,11.409622192383
280350,223.1615908813188,9.088301710466329,90.382843017578,1.185861706734,9.915568351746
80959,317.13058377736843,10.219405216522413,29.68002319335901,3.064876317978,11.551503181458
102033,211.4282984019572,6.2948484038898105,52.62016296386699,1.114113092422,8.770638465881
87612,132.3523332053938,7.075989940663721,358.68017578125,2.278028249741,14.581634521484
46530,161.17591214523645,8.868366410694563,0.7643966674799998,1.590272068977,11.03485584259
140592,81.19414334841788,10.029829809173608,349.433883666992,1.55109667778,11.952816009521
165629,78.96272005826764,9.300810516497794,22.905410766602003,3.037707567215,13.052151679993
92403,202.5738347874286,10.633563298745678,132.736480712891,0.948903262615,3.993844509125
36453,350.3033639285476,14.518658893303314,8.663047790527003,4.161414146423,13.58510684967
176966,177.89243926573505,15.895226429241742,177.157440185547,1.844531297684,5.637276649475
56515,336.7794386054932,9.083630993520234,40.93916320800801,2.318693399429,10.390971183777
252224,279.15728983242616,11.351046560591724,25.638671875,1.891537547112,10.974406242371
97492,7.970749786954544,25.13199490158549,6.307670593262003,7.556198596954,12.799356460571
206512,359.05462302244104,10.95358110384796,17.720184326172003,1.065065264702,5.078849315643
56729,14.1402658659036,16.649024450435498,357.221572875977,4.286869049072,10.988964080811
165522,37.122537175101485,10.14754259223827,351.451118469238,4.531665325165,14.34348487854
11559,304.8807193411367,6.907275792282592,46.50100708007801,0.691591501236,8.282801628113
90428,272.5273491879127,15.539772660599755,81.954818725586,1.715088367462,5.463279247284
25840,189.3954122976551,11.269917687584364,348.65123748779297,3.350288629532,11.320301055908
49693,166.16506585271293,6.808215893456389,22.629440307617003,1.177326321602,9.244389533997
197797,217.05641814355903,2.99638818591296,36.88597869873,0.98592621088,8.424738883972
203612,180.16504009558668,10.604087094151632,335.543083190918,2.505245685577,13.292205810547
101608,305.6670815691728,6.712236375334116,9.45246887207,0.844007909298,8.295835494995
8347,12.495524621405986,9.417362925499535,347.086463928223,9.035531997681,13.457606315613
48855,143.07420083024385,6.307008330539961,174.465057373047,0.634607553482,4.490064620972
227609,3.627454365588104,17.483240946944946,11.947738647460994,3.972356319427,11.816397666931
187895,138.9253702071358,8.707001783759655,24.108894348145,2.487577915192,13.241355895996
172483,2.7046463561491323,11.468913488931967,343.436042785645,1.911510467529,7.333015918732
86805,169.77395430917454,18.28536271251452,198.159759521484,3.300967216492,7.397723674774
200835,46.90728179544031,10.140291333507456,30.619705200195,3.21368598938,14.754801750183
152938,256.57489250675127,4.282661532118296,8.249877929687997,1.342632889748,9.111542701721
219423,5.086600816093527,15.252417682862475,358.351745605469,5.969418525696,13.244222640991
228376,318.8076217142333,16.73168218140419,32.126319885254006,5.63006067276,15.645658493042
261645,292.14507420814306,8.64262079358745,41.40505981445301,1.44554245472,10.630083084106
139729,9.622120556412792,9.46769112384593,7.716339111327997,4.090852737427,13.599467277527
144476,226.960757381032,8.534610479586474,99.685134887695,0.948150038719,10.659963607788
52534,140.23552220143145,7.645748083496928,14.111114501952995,2.95450592041,13.408491134644
172362,156.0665765455021,7.6017359369276996,215.888671875,0.863056063652,5.13801240921
220570,246.9430451504257,8.931947377968578,76.146057128906,1.258887290955,7.114696502686
87210,247.0435094616132,10.71313765827142,71.965667724609,1.34678375721,5.553485870361
228865,102.17965708932856,3.729618434343784,30.719268798828,3.036134004593,15.842054367065
210096,133.70858868161966,4.266631969994145,303.008445739746,1.377465367317,10.794232368469
276382,27.504199537694,9.763124249810136,342.083114624023,1.741906046867,8.460710525513
217701,27.19573977357759,11.114246194332924,34.738632202148,2.376828670502,13.111711502075
67429,179.06682599508744,9.31799181538753,161.383712768555,0.94011926651,4.514920711517
90579,152.2447724022003,2.7053038488082963,16.23609161377,2.001404523849,11.744872093201
25787,144.6541112660715,3.02357906429054,30.56941986084,2.558035612106,10.332534790039
198227,97.6116552476792,3.63221143466328,10.281219482422005,0.678097605705,7.398397922516
115592,137.307501595555,6.6136590921822265,16.257148742675994,1.57142663002,10.317861557007
